name,phone,city
Avila's Construction,(817) 449-3949,Arlington
Blackforest Roofing,(682) 304-0366,Arlington
Caldwell Exteriors,(877) 433-9766,Arlington
Erie Metal Roofing,(682) 286-8231,Arlington
Honestroof.com,(817) 966-2863,Arlington
Joe Hall Roofing,(817) 274-6777,Arlington
ProCraft Construction,(817) 917-0072,Arlington
Proway Exteriors Inc.,(817) 618-2207,Arlington
SBGS Roofing and Remodeling,(214) 994-0661,Arlington
TMC Construction,(817) 929-2213,Arlington
Talisman Roofing and Construction,(469) 714-6022,Arlington
Texas Republic Roofing,(817) 717-7710,Arlington
Texas Roofing Pros,(817) 655-3716,Arlington
Triple D Remodeling LLC,(817) 323-9069,Arlington
Valero Contracting,(817) 305-8179,Arlington
Accent Roofing & Construction,(817) 903-7663,Dallas
"Big Sky Roofing & Construction, LLC",(469) 759-0408,Dallas
Code Blue Roofing,(888) 858-9010,Dallas
Ecotech Roofing and Construction,(972) 922-3606,Dallas
Home Integrity Solutions LLC,(214) 498-6458,Dallas
"Home Quality Solutions, LLC",(972) 743-4539,Dallas
Legends Roofing,(469) 537-5415,Dallas
Lion's Crown Roofing,(866) 480-4454,Dallas
Lone Star Roofing & General Contractors,(972) 679-4640,Dallas
MYRIAD Roofing,(469) 245-3809,Dallas
Reimagine Roofing & Construction,(214) 764-7929,Dallas
Texas Premier Roofing,(972) 469-1102,Dallas
Timeless Roofing and Construction,(888) 491-1123,Dallas
Titan Pros Roofing,(972) 590-8955,Dallas
All-Tech's Installations,(817) 829-3885,Fort
Certainty Construction,(817) 201-9107,Fort
Chandler Roofing & Construction,(817) 889-6621,Fort
G4 Roofs,(817) 482-6273,Fort
Good Roots Roofing & Construction,(817) 781-6811,Fort
HWY King Roofing & General Contractors LLC,(940) 629-4415,Fort
Imperial Roofing Solutions LLC,(817) 757-5042,Fort
J. Leonard Roofing and Construction,(817) 966-5580,Fort
"RKG Roofing & Construction, LLC",(682) 297-0321,Fort
Ryze Roofing and Construction,(833) 827-6634,Fort
"Tarrant County Roofing, LLC",(817) 583-3691,Fort
"Texas Select Construction, Roofing and Windows",(817) 770-0744,Fort
"Top-Level Construction, LLC",(817) 774-7570,Fort
Veteran Brothers Roofing and Restoration,(817) 663-1258,Fort
Water Problems Under the Sink,(817) 724-8062,Fort
"Authority Roofing, LLC",(972) 317-7663,Frisco
"Custom Homes & Remodeling, Inc",(972) 880-2175,Frisco
Frame Restoration LLC,(214) 308-9227,Frisco
Freeman Roofing & Construction,(972) 632-6182,Frisco
High Performance Restoration LLC,(214) 396-7772,Frisco
"J&K Roofing And Construction, LLC",(972) 805-6773,Frisco
Lonnex Custom Homes & Construction,(945) 248-2655,Frisco
Luxe Roofing Solutions,(214) 585-5700,Frisco
Peak Roofing & Construction,(972) 335-7325,Frisco
Premiere Roofing,(214) 521-1999,Frisco
Rhino Roofing Co,(469) 943-4995,Frisco
SRS Building Products - Frisco,(817) 741-1968,Frisco
TBRC Roofing Company,(972) 862-8272,Frisco
"Town and Country Roofing, Inc.",(972) 377-8188,Frisco
"Valor Roofing Group, LLC",(214) 854-6204,Frisco
"AmeriShield Storm Pros, LLC",(972) 333-2095,Garland
"Benchmark Roofing and Construction of Garland, TX",(972) 231-0794,Garland
Big \,(972) 495-8000,Garland
"Crown Exteriors, LLC",(469) 366-6167,Garland
Dobson Roofing,(972) 205-9415,Garland
Galeas Roofing,(972) 841-8441,Garland
"Pacific Roofing, Inc.",(972) 272-6360,Garland
Pinnacle Roofing,(972) 880-8924,Garland
Platinum Roofing Pros,(855) 675-7663,Garland
Pro American Roofing,(945) 340-7256,Garland
"ProTech Services, Inc.",(214) 994-1042,Garland
R2 Roof Guys,(214) 405-4396,Garland
Spyder Roofing,(972) 704-6524,Garland
Tex-Cen Construction & Consulting Group LLC,(972) 207-1071,Garland
Tommy's Quality Home Repair,(972) 212-4638,Garland
Access Modern Roofing,(972) 665-9840,Irving
Amalan Group LLC,(469) 267-7726,Irving
Amity Roofing,(972) 243-6700,Irving
Blue Sky Energy Solutions,(972) 259-1558,Irving
Build Strong Construction & Remodeling,(972) 802-3107,Irving
"Downs Roofing & Construction, LLC",(214) 458-9911,Irving
Infinity Roofing & Siding,(866) 904-3536,Irving
Marathon Roofing,(972) 292-7135,Irving
Rapid Pro Roofing LLC,(469) 776-4907,Irving
RestoreMasters Contracting LLC,(800) 400-7663,Irving
Ridge Cut Roofing & General Contracting,(888) 743-4344,Irving
"SCAPED USA, Professional Corporation",(469) 826-1525,Irving
X Roofing and Solar,(469) 599-4763,Irving
"1st National Roofing, LLC",(706) 418-2100,McKinney
Acclaim Restorations Inc.,(214) 775-0021,McKinney
Advantage Remodeling and Roofing,(214) 250-3975,McKinney
"Bailey Brothers Builders, LP",(214) 620-1700,McKinney
Commit Roofing,(214) 810-4110,McKinney
"New Leaf Roofing, LLC",(214) 734-0402,McKinney
Roof Cake,(888) 312-2253,McKinney
SLM General Contractors,(469) 844-2300,McKinney
SRS Center of Excellence,(469) 526-8855,McKinney
SRS Distribution Inc.,(214) 491-4149,McKinney
Sunrax Roofing & General Contractor LLC,(254) 715-5226,McKinney
Your Favorite Roofer,(945) 274-1414,McKinney
"Zion Roofing & Renovations, LLC",(214) 482-2191,McKinney
Ascent Roofing & Restoration,(903) 357-1725,Plano
Brownlee Roofing & Gutters,(903) 343-7875,Plano
Collins Roofing and Restoration,(469) 492-8088,Plano
"Cornerstone Roofing, Ltd.",(972) 596-3488,Plano
Hart Roofing & Remodeling,(972) 422-1258,Plano
Keystone Construction Group,(214) 918-1499,Plano
"Reign Roofing & Construction, LLC",(214) 396-5805,Plano
"Revive Contracting, LLC",(407) 964-8553,Plano
Roofing Solutions DFW,(972) 378-7663,Plano
Texas ElitePro Roofing & Construction LLC,(214) 935-2114,Plano
The Kenworthy Group LLC,(214) 519-4384,Plano
United Home Services Inc,(469) 949-3710,Plano
Veteran Garage Door Repair,(972) 347-0724,Plano
Viking Roofing,(469) 604-6333,Plano
West Construction Group,(972) 730-2594,Plano
